{
  "training_date": "2026-01-26T10:42:37.630325",
  "classes": [
    "normal",
    "shoplifting"
  ],
  "n_classes": 2,
  "metrics": {
    "accuracy": 0.8,
    "precision": 0.8000522466039708,
    "recall": 0.8,
    "f1_score": 0.8,
    "cv_accuracy_mean": 0.8152099334357399,
    "cv_accuracy_std": 0.01734872587075572
  },
  "confusion_matrix": [
    [
      140,
      36
    ],
    [
      34,
      140
    ]
  ],
  "n_train_samples": 1396,
  "n_test_samples": 350,
  "n_features": 21,
  "feature_importance": {
    "right_elbow_angle_mean": 0.07741280507973564,
    "body_velocity_mean": 0.0659233227788198,
    "left_hand_body_dist_mean": 0.06396360483808385,
    "left_hand_body_dist_min": 0.06234819156725582,
    "left_hand_height_min": 0.06225744094440904,
    "right_hand_height_min": 0.06136282369044036,
    "right_hand_body_dist_min": 0.06047727760040321,
    "right_hand_body_dist_mean": 0.05471898463710349,
    "body_velocity_max": 0.054254558588908916,
    "left_hand_height_mean": 0.04694099332342847,
    "right_hand_height_mean": 0.04540089264148633,
    "left_elbow_angle_std": 0.04215798368150503,
    "right_hand_velocity_mean": 0.041268489285904444,
    "body_displacement_y": 0.041138202332558424,
    "left_hand_velocity_max": 0.039606383098070054,
    "left_elbow_angle_mean": 0.03825051687466961,
    "right_hand_velocity_max": 0.036364805544752264,
    "right_elbow_angle_std": 0.035389084610056375,
    "left_hand_velocity_mean": 0.035193823137792304,
    "body_displacement_x": 0.029432247890069936,
    "pose_detection_rate": 0.006137567854546798
  },
  "model_params": {
    "n_estimators": 200,
    "max_depth": 15
  },
  "processing_config": {
    "window_size": 30,
    "window_stride": 15,
    "frame_skip": 2
  }
}